seqNumber,docID,edinetCode,secCode,JCN,filerName,fundCode,ordinanceCode,formCode,docTypeCode,periodStart,periodEnd,submitDateTime,docDescription,issuerEdinetCode,subjectEdinetCode,subsidiaryEdinetCode,currentReportReason,parentDocID,opeDateTime,withdrawalStatus,docInfoEditStatus,disclosureStatus,xbrlFlag,pdfFlag,attachDocFlag,englishDocFlag,csvFlag,legalStatus
1,S100UCCT,E13447,,2010401045054.0,ＳＢＩアセットマネジメント株式会社,G15330,30.0,04A000,30.0,,,2024-09-11 09:00,有価証券届出書（内国投資信託受益証券）,,,,,,,0,0,0,1,1,1,0,1,1
2,S100UCNY,E02691,82830.0,2120001077528.0,株式会社ＰＡＬＴＡＣ,,10.0,170000,220.0,,,2024-09-11 09:00,自己株券買付状況報告書（法２４条の６第１項に基づくもの）,,,,,,,0,0,0,1,1,0,0,1,1
3,S100U1QK,E32011,,5010601048309.0,りそなアセットマネジメント株式会社,G12376,30.0,10A000,160.0,2023-12-12,2024-12-10,2024-09-11 09:00,半期報告書（内国投資信託受益証券）－第8期(2023/12/12－2024/12/10),,,,,,,0,0,0,1,1,0,0,1,1
4,S100UBU3,E12481,,1010401025734.0,フィデリティ投信株式会社,G08230,30.0,07A000,120.0,2023-12-16,2024-06-17,2024-09-11 09:00,有価証券報告書（内国投資信託受益証券）－第27期(2023/12/16－2024/06/17),,,,,,,0,0,0,1,1,1,0,1,1
5,S100U1QI,E32011,,5010601048309.0,りそなアセットマネジメント株式会社,G12376,30.0,04A000,30.0,,,2024-09-11 09:00,有価証券届出書（内国投資信託受益証券）,,,,,,,0,0,0,1,1,1,0,1,1
6,S100UBI7,E10677,,9010001021473.0,アセットマネジメントＯｎｅ株式会社,G12366,30.0,07A000,120.0,2023-12-12,2024-06-11,2024-09-11 09:01,有価証券報告書（内国投資信託受益証券）－第15期(2023/12/12－2024/06/11),,,,,,,0,0,0,1,1,1,0,1,1
7,S100UBHC,E10677,,9010001021473.0,アセットマネジメントＯｎｅ株式会社,G03027,30.0,07A000,120.0,2023-06-13,2024-06-11,2024-09-11 09:01,有価証券報告書（内国投資信託受益証券）－第23期(2023/06/13－2024/06/11),,,,,,,0,0,0,1,1,1,0,1,1
8,S100UB4U,E06748,,2010001049257.0,大和アセットマネジメント株式会社,G05750,30.0,10A000,160.0,2023-12-19,2024-12-18,2024-09-11 09:01,半期報告書（内国投資信託受益証券）－第17期(2023/12/19－2024/12/18),,,,,,,0,0,0,1,1,0,0,1,1
9,S100UBFF,E34254,,3010001188789.0,ａｕアセットマネジメント株式会社,G14709,30.0,04A000,30.0,,,2024-09-11 09:01,有価証券届出書（内国投資信託受益証券）,,,,,,,0,0,0,1,1,1,0,1,1
10,S100UB4W,E06748,,2010001049257.0,大和アセットマネジメント株式会社,G05750,30.0,04A000,30.0,,,2024-09-11 09:02,有価証券届出書（内国投資信託受益証券）,,,,,,,0,0,0,1,1,1,0,1,1
11,S100UBU9,E12481,,1010401025734.0,フィデリティ投信株式会社,G08230,30.0,04A001,40.0,,,2024-09-11 09:02,訂正有価証券届出書（内国投資信託受益証券）,,,,,S100T0HE,,0,0,0,1,1,1,0,1,1
12,S100UBHN,E10677,,9010001021473.0,アセットマネジメントＯｎｅ株式会社,G11935,30.0,10A000,160.0,2023-12-12,2024-12-10,2024-09-11 09:02,半期報告書（内国投資信託受益証券）－第25期(2023/12/12－2024/12/10),,,,,,,0,0,0,1,1,0,0,1,1
13,S100UBG1,E34254,,3010001188789.0,ａｕアセットマネジメント株式会社,G14709,30.0,10A000,160.0,2023-12-12,2024-12-10,2024-09-11 09:02,半期報告書（内国投資信託受益証券）－第2期(2023/12/12－2024/12/10),,,,,,,0,0,0,1,1,0,0,1,1
14,S100U04L,E08957,,4010401049128.0,三井住友ＤＳアセットマネジメント株式会社,G13283,30.0,04A000,30.0,,,2024-09-11 09:02,有価証券届出書（内国投資信託受益証券）,,,,,,,0,0,0,1,1,1,0,1,1
15,S100UBHB,E10677,,9010001021473.0,アセットマネジメントＯｎｅ株式会社,G03027,30.0,04A000,30.0,,,2024-09-11 09:02,有価証券届出書（内国投資信託受益証券）,,,,,,,0,0,0,1,1,1,0,1,1
16,S100UC1Y,E03574,83680.0,5190001000892.0,株式会社　百五銀行,,10.0,170000,220.0,,,2024-09-11 09:02,自己株券買付状況報告書（法２４条の６第１項に基づくもの）,,,,,,,0,0,0,1,1,0,0,1,1
17,S100UCQ8,E39695,,8010001154563.0,株式会社ハルク,,60.0,010002,350.0,,,2024-09-11 09:03,変更報告書,E00558,,,,,,0,0,0,1,1,0,0,1,1
18,S100UB7S,E06748,,2010001049257.0,大和アセットマネジメント株式会社,G05751,30.0,10A000,160.0,2023-12-19,2024-12-18,2024-09-11 09:03,半期報告書（内国投資信託受益証券）－第17期(2023/12/19－2024/12/18),,,,,,,0,0,0,1,1,0,0,1,1
19,S100UBHW,E10677,,9010001021473.0,アセットマネジメントＯｎｅ株式会社,G12366,30.0,04A000,30.0,,,2024-09-11 09:03,有価証券届出書（内国投資信託受益証券）,,,,,,,0,0,0,1,1,1,0,1,1
20,S100UB7T,E06748,,2010001049257.0,大和アセットマネジメント株式会社,G05751,30.0,04A000,30.0,,,2024-09-11 09:04,有価証券届出書（内国投資信託受益証券）,,,,,,,0,0,0,1,1,1,0,1,1
21,S100UBHM,E10677,,9010001021473.0,アセットマネジメントＯｎｅ株式会社,G11935,30.0,04A000,30.0,,,2024-09-11 09:04,有価証券届出書（内国投資信託受益証券）,,,,,,,0,0,0,1,1,1,0,1,1
22,S100UBUH,E12481,,1010401025734.0,フィデリティ投信株式会社,G10219,30.0,10A000,160.0,2023-12-16,2024-12-16,2024-09-11 09:04,半期報告書（内国投資信託受益証券）－第43期(2023/12/16－2024/12/16),,,,,,,0,0,0,1,1,0,0,1,1
23,S100U04K,E08957,,4010401049128.0,三井住友ＤＳアセットマネジメント株式会社,G13283,30.0,10A000,160.0,2023-12-15,2024-12-16,2024-09-11 09:04,半期報告書（内国投資信託受益証券）－第18期(2023/12/15－2024/12/16),,,,,,,0,0,0,1,1,0,0,1,1
24,S100U6K7,E06458,,6010001024529.0,ドイチェ・アセット・マネジメント株式会社,G05204,30.0,10A000,160.0,2023-12-12,2024-12-10,2024-09-11 09:04,半期報告書（内国投資信託受益証券）－第18期(2023/12/12－2024/12/10),,,,,,,0,0,0,1,1,0,0,1,1
25,S100U9ST,E09666,,9010001062807.0,アムンディ・ジャパン株式会社,G07848,30.0,10A000,160.0,2023-12-12,2024-12-10,2024-09-11 09:04,半期報告書（内国投資信託受益証券）－第15期(2023/12/12－2024/12/10),,,,,,,0,0,0,1,1,0,0,1,1
26,S100UBQW,E06748,,2010001049257.0,大和アセットマネジメント株式会社,G05752,30.0,10A000,160.0,2023-12-19,2024-12-18,2024-09-11 09:05,半期報告書（内国投資信託受益証券）－第17期(2023/12/19－2024/12/18),,,,,,,0,0,0,1,1,0,0,1,1
27,S100UAPA,E12882,,7010001054095.0,農林中金全共連アセットマネジメント株式会社,G13718,30.0,04A000,30.0,,,2024-09-11 09:05,有価証券届出書（内国投資信託受益証券）,,,,,,,0,0,0,1,1,1,0,1,1
28,S100UBHF,E10677,,9010001021473.0,アセットマネジメントＯｎｅ株式会社,G03028,30.0,07A000,120.0,2023-06-13,2024-06-11,2024-09-11 09:05,有価証券報告書（内国投資信託受益証券）－第23期(2023/06/13－2024/06/11),,,,,,,0,0,0,1,1,1,0,1,1
29,S100UBHE,E10677,,9010001021473.0,アセットマネジメントＯｎｅ株式会社,G03028,30.0,04A000,30.0,,,2024-09-11 09:06,有価証券届出書（内国投資信託受益証券）,,,,,,,0,0,0,1,1,1,0,1,1
30,S100UBQY,E06748,,2010001049257.0,大和アセットマネジメント株式会社,G05752,30.0,04A000,30.0,,,2024-09-11 09:06,有価証券届出書（内国投資信託受益証券）,,,,,,,0,0,0,1,1,1,0,1,1
31,S100UARQ,E12444,,8010001114914.0,三井住友トラスト・アセットマネジメント株式会社,G08645,30.0,10A000,160.0,2023-12-12,2024-12-10,2024-09-11 09:06,半期報告書（内国投資信託受益証券）－第22期(2023/12/12－2024/12/10),,,,,,,0,0,0,1,1,0,0,1,1
32,S100UBI2,E10677,,9010001021473.0,アセットマネジメントＯｎｅ株式会社,G13588,30.0,10A000,160.0,2023-12-12,2024-12-10,2024-09-11 09:07,半期報告書（内国投資信託受益証券）－第5期(2023/12/12－2024/12/10),,,,,,,0,0,0,1,1,0,0,1,1
33,S100U3Y2,E08957,,4010401049128.0,三井住友ＤＳアセットマネジメント株式会社,G13383,30.0,04A000,30.0,,,2024-09-11 09:07,有価証券届出書（内国投資信託受益証券）,,,,,,,0,0,0,1,1,1,0,1,1
34,S100UBUK,E12481,,1010401025734.0,フィデリティ投信株式会社,G10219,30.0,04A001,40.0,,,2024-09-11 09:07,訂正有価証券届出書（内国投資信託受益証券）,,,,,S100T0HU,,0,0,0,1,1,1,0,1,1
35,S100UBUY,E06748,,2010001049257.0,大和アセットマネジメント株式会社,G11697,30.0,10A000,160.0,2023-12-19,2024-12-18,2024-09-11 09:07,半期報告書（内国投資信託受益証券）－第9期(2023/12/19－2024/12/18),,,,,,,0,0,0,1,1,0,0,1,1
36,S100UAPN,E12882,,7010001054095.0,農林中金全共連アセットマネジメント株式会社,G13718,30.0,10A000,160.0,2023-12-12,2024-12-11,2024-09-11 09:07,半期報告書（内国投資信託受益証券）－第5期(2023/12/12－2024/12/11),,,,,,,0,0,0,1,1,0,0,1,1
37,S100UCPD,E27059,60720.0,9010001143631.0,地盤ネットホールディングス株式会社,,10.0,170000,220.0,,,2024-09-11 09:08,自己株券買付状況報告書（法２４条の６第１項に基づくもの）,,,,,,,0,0,0,1,1,0,0,1,1
38,S100UBJF,E13447,,2010401045054.0,ＳＢＩアセットマネジメント株式会社,G14785,30.0,10A000,160.0,2023-12-12,2024-12-10,2024-09-11 09:08,半期報告書（内国投資信託受益証券）－第18期(2023/12/12－2024/12/10),,,,,,,0,0,0,1,1,0,0,1,1
39,S100UBHL,E10677,,9010001021473.0,アセットマネジメントＯｎｅ株式会社,G05548,30.0,10A000,160.0,2023-12-12,2024-12-09,2024-09-11 09:08,半期報告書（内国投資信託受益証券）－第18期(2023/12/12－2024/12/09),,,,,,,0,0,0,1,1,0,0,1,1
40,S100U3Y1,E08957,,4010401049128.0,三井住友ＤＳアセットマネジメント株式会社,G13383,30.0,10A000,160.0,2023-12-15,2024-12-16,2024-09-11 09:09,半期報告書（内国投資信託受益証券）－第6期(2023/12/15－2024/12/16),,,,,,,0,0,0,1,1,0,0,1,1
41,S100UBVJ,E06748,,2010001049257.0,大和アセットマネジメント株式会社,G11697,30.0,04A000,30.0,,,2024-09-11 09:09,有価証券届出書（内国投資信託受益証券）,,,,,,,0,0,0,1,1,1,0,1,1
42,S100UAQ0,E12882,,7010001054095.0,農林中金全共連アセットマネジメント株式会社,G13719,30.0,04A000,30.0,,,2024-09-11 09:09,有価証券届出書（内国投資信託受益証券）,,,,,,,0,0,0,1,1,1,0,1,1
43,S100UBI0,E13447,,2010401045054.0,ＳＢＩアセットマネジメント株式会社,G14785,30.0,04A000,30.0,,,2024-09-11 09:09,有価証券届出書（内国投資信託受益証券）,,,,,,,0,0,0,1,1,1,0,1,1
44,S100UBHJ,E10677,,9010001021473.0,アセットマネジメントＯｎｅ株式会社,G05548,30.0,04A000,30.0,,,2024-09-11 09:09,有価証券届出書（内国投資信託受益証券）,,,,,,,0,0,0,1,1,1,0,1,1
45,S100U9SW,E09666,,9010001062807.0,アムンディ・ジャパン株式会社,G07848,30.0,04A000,30.0,,,2024-09-11 09:10,有価証券届出書（内国投資信託受益証券）,,,,,,,0,0,0,1,1,1,0,1,1
46,S100U85V,E11518,,9010001034450.0,三菱ＵＦＪアセットマネジメント株式会社,G01518,30.0,10A000,160.0,2023-12-13,2024-12-12,2024-09-11 09:10,半期報告書（内国投資信託受益証券）－第24期(2023/12/13－2024/12/12),,,,,,,0,0,0,1,1,0,0,1,1
47,S100UBVX,E06748,,2010001049257.0,大和アセットマネジメント株式会社,G14855,30.0,10A000,160.0,2023-12-19,2024-12-18,2024-09-11 09:11,半期報告書（内国投資信託受益証券）－第2期(2023/12/19－2024/12/18),,,,,,,0,0,0,1,1,0,0,1,1
48,S100UAQ6,E12882,,7010001054095.0,農林中金全共連アセットマネジメント株式会社,G13719,30.0,10A000,160.0,2023-12-12,2024-12-11,2024-09-11 09:11,半期報告書（内国投資信託受益証券）－第5期(2023/12/12－2024/12/11),,,,,,,0,0,0,1,1,0,0,1,1
49,S100U85W,E11518,,9010001034450.0,三菱ＵＦＪアセットマネジメント株式会社,G01518,30.0,04A001,40.0,,,2024-09-11 09:11,訂正有価証券届出書（内国投資信託受益証券）,,,,,S100SQKG,,0,0,0,1,1,0,0,1,1
50,S100UBW1,E06748,,2010001049257.0,大和アセットマネジメント株式会社,G14855,30.0,04A000,30.0,,,2024-09-11 09:12,有価証券届出書（内国投資信託受益証券）,,,,,,,0,0,0,1,1,1,0,1,1
51,S100UARP,E12444,,8010001114914.0,三井住友トラスト・アセットマネジメント株式会社,G08645,30.0,04A000,30.0,,,2024-09-11 09:14,有価証券届出書（内国投資信託受益証券）,,,,,,,0,0,0,1,1,1,0,1,1
52,S100UCQQ,E02608,81290.0,4010901008153.0,東邦ホールディングス株式会社,,10.0,170000,220.0,,,2024-09-11 09:15,自己株券買付状況報告書（法２４条の６第１項に基づくもの）,,,,,,,0,0,0,1,1,0,0,1,1
53,S100UA6G,E06458,,6010001024529.0,ドイチェ・アセット・マネジメント株式会社,G05204,30.0,04A000,30.0,,,2024-09-11 09:17,有価証券届出書（内国投資信託受益証券）,,,,,,,0,0,0,1,1,1,0,1,1
54,S100UCPR,E01461,34310.0,7010001084761.0,宮地エンジニアリンググループ株式会社,,10.0,170000,220.0,,,2024-09-11 09:20,自己株券買付状況報告書（法２４条の６第１項に基づくもの）,,,,,,,0,0,0,1,1,0,0,1,1
55,S100U7J3,E11518,,9010001034450.0,三菱ＵＦＪアセットマネジメント株式会社,G10965,30.0,07A000,120.0,2023-12-13,2024-06-12,2024-09-11 09:23,有価証券報告書（内国投資信託受益証券）－第38期(2023/12/13－2024/06/12),,,,,,,0,0,0,1,1,1,0,1,1
56,S100U7J4,E11518,,9010001034450.0,三菱ＵＦＪアセットマネジメント株式会社,G10965,30.0,04A000,30.0,,,2024-09-11 09:24,有価証券届出書（内国投資信託受益証券）,,,,,,,0,0,0,1,1,1,0,1,1
57,S100UCGZ,E12444,,8010001114914.0,三井住友トラスト・アセットマネジメント株式会社,,60.0,010002,350.0,,,2024-09-11 09:27,変更報告書,E35096,,,,S100RVJ8,,0,0,0,1,1,1,0,1,1
58,S100U9P6,E12882,,7010001054095.0,農林中金全共連アセットマネジメント株式会社,G13720,30.0,04A000,30.0,,,2024-09-11 09:27,有価証券届出書（内国投資信託受益証券）,,,,,,,0,0,0,1,1,1,0,1,1
59,S100UCGY,E12444,,8010001114914.0,三井住友トラスト・アセットマネジメント株式会社,,60.0,010002,350.0,,,2024-09-11 09:27,変更報告書,E30513,,,,S100JOWT,,0,0,0,1,1,1,0,1,1
60,S100U9P7,E12882,,7010001054095.0,農林中金全共連アセットマネジメント株式会社,G13720,30.0,10A000,160.0,2023-12-12,2024-12-11,2024-09-11 09:28,半期報告書（内国投資信託受益証券）－第5期(2023/12/12－2024/12/11),,,,,,,0,0,0,1,1,0,0,1,1
61,S100UCKY,E04520,95320.0,3120001077601.0,大阪瓦斯株式会社,,10.0,170000,220.0,,,2024-09-11 09:31,自己株券買付状況報告書（法２４条の６第１項に基づくもの）,,,,,,,0,0,0,1,1,0,0,1,1
62,S100UA6F,E12882,,7010001054095.0,農林中金全共連アセットマネジメント株式会社,G13745,30.0,04A000,30.0,,,2024-09-11 09:32,有価証券届出書（内国投資信託受益証券）,,,,,,,0,0,0,1,1,1,0,1,1
63,S100UA6H,E12882,,7010001054095.0,農林中金全共連アセットマネジメント株式会社,G13745,30.0,10A000,160.0,2023-12-12,2024-12-11,2024-09-11 09:35,半期報告書（内国投資信託受益証券）－第5期(2023/12/12－2024/12/11),,,,,,,0,0,0,1,1,0,0,1,1
64,S100UA6Q,E12882,,7010001054095.0,農林中金全共連アセットマネジメント株式会社,G13746,30.0,04A000,30.0,,,2024-09-11 09:36,有価証券届出書（内国投資信託受益証券）,,,,,,,0,0,0,1,1,1,0,1,1
65,S100UCL8,E01261,54230.0,8010001008819.0,東京製鐵株式会社,,10.0,170000,220.0,,,2024-09-11 09:36,自己株券買付状況報告書（法２４条の６第１項に基づくもの）,,,,,,,0,0,0,1,1,0,0,1,1
66,S100UBI1,E10677,,9010001021473.0,アセットマネジメントＯｎｅ株式会社,G13169,30.0,10A000,160.0,2023-12-12,2024-12-10,2024-09-11 09:36,半期報告書（内国投資信託受益証券）－第6期(2023/12/12－2024/12/10),,,,,,,0,0,0,1,1,0,0,1,1
67,S100UA6N,E12882,,7010001054095.0,農林中金全共連アセットマネジメント株式会社,G13746,30.0,10A000,160.0,2023-12-12,2024-12-11,2024-09-11 09:37,半期報告書（内国投資信託受益証券）－第5期(2023/12/12－2024/12/11),,,,,,,0,0,0,1,1,0,0,1,1
68,S100UCO5,E02007,66540.0,9130001022352.0,不二電機工業株式会社,,10.0,043A00,160.0,2024-02-01,2025-01-31,2024-09-11 09:39,半期報告書－第67期(2024/02/01－2025/01/31),,,,,,,0,0,0,1,1,0,0,1,1
69,S100UCOU,E02007,66540.0,9130001022352.0,不二電機工業株式会社,,10.0,042000,135.0,,,2024-09-11 09:42,確認書,,,,,,,0,0,0,0,1,0,0,0,1
70,S100UCIM,E05674,38400.0,1011001070286.0,パス株式会社,,10.0,030001,130.0,,,2024-09-11 09:43,訂正有価証券報告書－第33期(2022/04/01－2023/03/31),,,,,S100RAZA,,0,0,0,1,1,0,0,1,1
71,S100UCMB,E08182,,,井川　幸広,,60.0,010002,350.0,,,2024-09-11 09:47,変更報告書,E05096,,,,,,0,0,0,1,1,1,0,1,1
72,S100UCIN,E05674,38400.0,1011001070286.0,パス株式会社,,10.0,042001,136.0,,,2024-09-11 09:47,訂正確認書,,,,,S100RAZD,,0,0,0,0,1,0,0,0,1
73,S100UCRA,E02066,67500.0,5120001094974.0,エレコム株式会社,,10.0,053000,180.0,,,2024-09-11 09:48,臨時報告書,,,,第19条第2項第2号の2,,,0,0,0,1,1,0,0,1,1
74,S100UCRE,E01190,52140.0,4160001001498.0,日本電気硝子株式会社,,10.0,170000,220.0,,,2024-09-11 09:50,自己株券買付状況報告書（法２４条の６第１項に基づくもの）,,,,,,,0,0,0,1,1,0,0,1,1
75,S100UC0G,E05674,38400.0,1011001070286.0,パス株式会社,,10.0,030001,130.0,,,2024-09-11 09:50,訂正有価証券報告書－第34期(2023/04/01－2024/03/31),,,,,S100TX8G,,0,0,0,1,1,0,0,1,1
76,S100UB8Q,E12882,,7010001054095.0,農林中金全共連アセットマネジメント株式会社,G13721,30.0,04A000,30.0,,,2024-09-11 09:51,有価証券届出書（内国投資信託受益証券）,,,,,,,0,0,0,1,1,1,0,1,1
77,S100UCRI,E02416,51870.0,7020001008505.0,クリエートメディック株式会社,,10.0,170000,220.0,,,2024-09-11 09:52,自己株券買付状況報告書（法２４条の６第１項に基づくもの）,,,,,,,0,0,0,1,1,0,0,1,1
78,S100UCIL,E05674,38400.0,1011001070286.0,パス株式会社,,10.0,042001,136.0,,,2024-09-11 09:52,訂正確認書,,,,,S100TYAT,,0,0,0,0,1,0,0,0,1
79,S100U9UL,E12882,,7010001054095.0,農林中金全共連アセットマネジメント株式会社,G13721,30.0,10A000,160.0,2023-12-12,2024-12-11,2024-09-11 09:53,半期報告書（内国投資信託受益証券）－第5期(2023/12/12－2024/12/11),,,,,,,0,0,0,1,1,0,0,1,1
80,S100UCLR,E00688,39550.0,1120001074740.0,株式会社イムラ,,10.0,170000,220.0,,,2024-09-11 09:58,自己株券買付状況報告書（法２４条の６第１項に基づくもの）,,,,,,,0,0,0,1,1,0,0,1,1
81,S100UCHN,E00939,45230.0,6010001000001.0,エーザイ株式会社,,10.0,170000,220.0,,,2024-09-11 10:00,自己株券買付状況報告書（法２４条の６第１項に基づくもの）,,,,,,,0,0,0,1,1,0,0,1,1
82,S100UC3X,E01367,59910.0,7020001006616.0,日本発條株式会社,,10.0,170000,220.0,,,2024-09-11 10:02,自己株券買付状況報告書（法２４条の６第１項に基づくもの）,,,,,,,0,0,0,1,1,0,0,1,1
83,S100UC0M,E01752,66440.0,6010701001918.0,大崎電気工業株式会社,,10.0,170000,220.0,,,2024-09-11 10:03,自己株券買付状況報告書（法２４条の６第１項に基づくもの）,,,,,,,0,0,0,1,1,0,0,1,1
84,S100UCQY,E01630,45430.0,3011001015116.0,テルモ株式会社,,10.0,053001,190.0,,,2024-09-11 10:07,訂正臨時報告書,,,,第19条第2項第1号,S100UAUO,,0,0,0,1,1,1,0,1,1
85,S100UCRM,E03119,82170.0,2170001002092.0,株式会社オークワ,,10.0,170000,220.0,,,2024-09-11 10:09,自己株券買付状況報告書（法２４条の６第１項に基づくもの）,,,,,,,0,0,0,1,1,0,0,1,1
86,S100UCQ5,E01630,45430.0,3011001015116.0,テルモ株式会社,,10.0,113001,90.0,,,2024-09-11 10:10,訂正発行登録書,,,,,S100T2CF,,0,0,0,0,1,0,0,0,1
87,S100UCM5,E31774,,6140001011258.0,明海興産株式会社,,60.0,010002,350.0,,,2024-09-11 10:12,変更報告書,E04242,,,,,,0,0,0,1,1,1,0,1,1
88,S100UCKO,E03532,,6010001008845.0,株式会社みずほ銀行,,60.0,010002,350.0,,,2024-09-11 10:14,変更報告書,E01959,,,,,,0,0,0,1,1,1,0,1,1
89,S100UCQ4,E03626,,6010001008770.0,三菱ＵＦＪ信託銀行株式会社,G14226,30.0,995001,190.0,,,2024-09-11 10:15,訂正臨時報告書（内国特定有価証券）,,,,第29条第2項第14号,S100U180,,0,0,0,1,1,0,0,1,1
90,S100UCKS,E24872,,,シルチェスター・インターナショナル・インベスターズ・エルエルピー,,60.0,010002,350.0,,,2024-09-11 10:23,変更報告書,E00836,,,,,,0,0,0,1,1,1,0,1,1
91,S100UCOX,E00329,14140.0,8010001135778.0,ショーボンドホールディングス株式会社,,10.0,170000,220.0,,,2024-09-11 10:23,自己株券買付状況報告書（法２４条の６第１項に基づくもの）,,,,,,,0,0,0,1,1,0,0,1,1
92,S100UCEL,E23671,,,アクセンチュア・パブリック・リミテッド・カンパニー,,10.0,150003,100.0,,,2024-09-11 10:24,発行登録追補書類,,,,,S100S3XE,,0,0,0,0,1,1,0,0,1
93,S100UC37,E04370,,9010001095716.0,東日本高速道路株式会社,,10.0,120003,100.0,,,2024-09-11 10:31,発行登録追補書類（株券､社債券等）,,,,,S100SY17,,0,0,0,1,1,1,0,1,1
94,S100UCRS,E26933,60690.0,7011001034194.0,トレンダーズ株式会社,,10.0,170000,220.0,,,2024-09-11 10:35,自己株券買付状況報告書（法２４条の６第１項に基づくもの）,,,,,,,0,0,0,1,1,0,0,1,1
95,S100UCRY,E03854,87250.0,4010001116542.0,ＭＳ＆ＡＤインシュアランスグループホールディングス株式会社,,10.0,170000,220.0,,,2024-09-11 10:36,自己株券買付状況報告書（法２４条の６第１項に基づくもの）,,,,,,,0,0,0,1,1,0,0,1,1
96,S100UAI7,E25830,,,クレディ・アグリコル・コーポレート・アンド・インベストメント・バンク,,10.0,140000,80.0,,,2024-09-11 10:41,発行登録書,,,,,,,0,0,0,0,1,1,0,0,1
97,S100UCNT,E00574,35010.0,3120001082312.0,住江織物株式会社,,60.0,090001,360.0,,,2024-09-11 10:45,訂正報告書（大量保有報告書・変更報告書）,E36478,,,,S100U9GF,,0,0,0,1,1,0,0,1,1
98,S100UCPC,E00574,35010.0,3120001082312.0,住江織物株式会社,,60.0,090001,360.0,,,2024-09-11 10:46,訂正報告書（大量保有報告書・変更報告書）,E36478,,,,S100UAIC,,0,0,0,1,1,0,0,1,1
99,S100UCRL,E02066,67500.0,5120001094974.0,エレコム株式会社,,10.0,053001,190.0,,,2024-09-11 10:54,訂正臨時報告書,,,,第19条第2項第2号の2,S100UCRA,,0,0,0,1,1,0,0,1,1
100,S100UC9K,,,,,,,,,,,,,,,,,,,0,0,0,0,0,0,0,0,0
101,S100UCFS,E36733,43760.0,5010401163051.0,株式会社くふうカンパニー,,10.0,170000,220.0,,,2024-09-11 11:01,自己株券買付状況報告書（法２４条の６第１項に基づくもの）,,,,,,,0,0,0,1,1,0,0,1,1
102,S100UCSP,E02632,74590.0,5010001068510.0,株式会社メディパルホールディングス,,10.0,170000,220.0,,,2024-09-11 11:04,自己株券買付状況報告書（法２４条の６第１項に基づくもの）,,,,,,,0,0,0,1,1,0,0,1,1
103,S100UCNX,E08246,,,大村　浩次,,60.0,090001,360.0,,,2024-09-11 11:20,訂正報告書（大量保有報告書・変更報告書）,E05174,,,,S100UC32,,0,0,0,1,1,0,0,1,1
104,S100UCSW,E33469,,1010001146146.0,三井住友トラスト・パナソニックファイナンス株式会社,,10.0,120003,100.0,,,2024-09-11 11:24,発行登録追補書類（株券､社債券等）,,,,,S100U8M0,,0,0,0,1,1,1,0,1,1
105,S100UCRU,E31774,,6140001011258.0,明海興産株式会社,,60.0,010002,350.0,,,2024-09-11 11:25,変更報告書,E04242,,,,,,0,0,0,1,1,1,0,1,1
106,S100UCRN,E08246,,,大村　浩次,,60.0,090001,360.0,,,2024-09-11 11:28,訂正報告書（大量保有報告書・変更報告書）,E05174,,,,S100UCBY,,0,0,0,1,1,0,0,1,1
107,S100UCOH,E05958,48750.0,,メディシノバ・インク,,10.0,093A00,160.0,2024-01-01,2024-06-30,2024-09-11 11:28,半期報告書,,,,,,,0,0,0,0,1,1,0,0,1
108,S100UCR9,E00107,19610.0,2010001008683.0,三機工業株式会社,,10.0,170000,220.0,,,2024-09-11 11:31,自己株券買付状況報告書（法２４条の６第１項に基づくもの）,,,,,,,0,0,0,1,1,0,0,1,1
109,S100UCOF,E05958,48750.0,,メディシノバ・インク,,10.0,092000,135.0,,,2024-09-11 11:32,確認書,,,,,,,0,0,0,0,1,1,0,0,1
110,S100UCT3,E02121,34410.0,3020001020348.0,株式会社山王,,10.0,170000,220.0,,,2024-09-11 11:36,自己株券買付状況報告書（法２４条の６第１項に基づくもの）,,,,,,,0,0,0,1,1,0,0,1,1
111,S100UCO0,E04859,96840.0,5011001027704.0,株式会社スクウェア・エニックス・ホールディングス,,10.0,170000,220.0,,,2024-09-11 11:41,自己株券買付状況報告書（法２４条の６第１項に基づくもの）,,,,,,,0,0,0,1,1,0,0,1,1
112,S100UCTK,E04816,97550.0,2010001034531.0,応用地質株式会社,,10.0,170000,220.0,,,2024-09-11 12:10,自己株券買付状況報告書（法２４条の６第１項に基づくもの）,,,,,,,0,0,0,1,1,0,0,1,1
113,S100UCLZ,E39326,,,Ｉｐ　Ｋａｍ　Ｈｏｉ,,60.0,010002,350.0,,,2024-09-11 12:46,変更報告書,E05951,,,,S100SIC9,,0,0,0,1,1,1,0,1,1
114,S100UCPP,E05717,21630.0,6140001047590.0,株式会社アルトナー,,10.0,043A00,160.0,2024-02-01,2025-01-31,2024-09-11 12:48,半期報告書－第63期(2024/02/01－2025/01/31),,,,,,,0,0,0,1,1,0,0,1,1
115,S100UCPV,E05717,21630.0,6140001047590.0,株式会社アルトナー,,10.0,042000,135.0,,,2024-09-11 12:48,確認書,,,,,,,0,0,0,0,1,0,0,0,1
116,S100UCTE,E01382,59750.0,4010001036658.0,東プレ株式会社,,10.0,170000,220.0,,,2024-09-11 12:51,自己株券買付状況報告書（法２４条の６第１項に基づくもの）,,,,,,,0,0,0,1,1,0,0,1,1
117,S100UCTR,E00173,19600.0,4010001008681.0,株式会社サンテック,,10.0,053000,180.0,,,2024-09-11 13:06,臨時報告書,,,,第19条第2項第9号の4,,,0,0,0,1,1,0,0,1,1
118,S100UCTU,E06560,,2010401013003.0,シグマ株式会社,,60.0,090001,360.0,,,2024-09-11 13:11,訂正報告書（大量保有報告書・変更報告書）,E01172,,,,S100M0DY,,0,0,0,1,1,0,0,1,1
119,S100UCTV,E06560,,2010401013003.0,シグマ株式会社,,60.0,010002,350.0,,,2024-09-11 13:21,変更報告書,E01172,,,,,,0,0,0,1,1,0,0,1,1
120,S100UCTP,E04817,97570.0,1120001069955.0,株式会社船井総研ホールディングス,,10.0,170000,220.0,,,2024-09-11 13:26,自己株券買付状況報告書（法２４条の６第１項に基づくもの）,,,,,,,0,0,0,1,1,0,0,1,1
121,S100UCTZ,E32272,,,石橋健藏,,60.0,010002,350.0,,,2024-09-11 13:34,変更報告書,E01172,,,,,,0,0,0,1,1,0,0,1,1
122,S100UCTS,E03530,,7010001016855.0,株式会社ＳＢＩ新生銀行,,10.0,030001,130.0,,,2024-09-11 13:47,訂正有価証券報告書－第24期(2023/04/01－2024/03/31),,,,,S100TNB7,,0,0,0,1,1,0,0,1,1
123,S100UCUJ,E03530,,7010001016855.0,株式会社ＳＢＩ新生銀行,,10.0,042100,135.0,,,2024-09-11 13:57,確認書,,,,,S100UCTS,,0,0,0,0,1,0,0,0,1
124,S100UCUP,E02498,80020.0,9010001008776.0,丸紅株式会社,,10.0,170000,220.0,,,2024-09-11 14:16,自己株券買付状況報告書（法２４条の６第１項に基づくもの）,,,,,,,0,0,0,1,1,0,0,1,1
125,S100UCUQ,E01329,58560.0,3010001089995.0,株式会社エルアイイーエイチ,,10.0,053001,190.0,,,2024-09-11 14:27,訂正臨時報告書,,,,第19条第2項第9号,S100UAD7,,0,0,0,1,1,0,0,1,1
126,S100UCRX,E00267,,5380001012984.0,常磐開発株式会社,,60.0,010002,350.0,,,2024-09-11 14:29,変更報告書,E00033,,,,,,0,0,0,1,1,0,0,1,1
127,S100UCSV,E00267,,5380001012984.0,常磐開発株式会社,,60.0,010002,350.0,,,2024-09-11 14:30,変更報告書,E00033,,,,,,0,0,0,1,1,0,0,1,1
128,S100UCAV,E05923,,,コーペラティブ・ラボバンク・ウー・アー,,10.0,100000,160.0,2024-01-01,2024-12-31,2024-09-11 14:31,半期報告書,,,,,,,0,0,0,0,1,1,0,0,1
129,S100UCT0,E00267,,5380001012984.0,常磐開発株式会社,,60.0,010002,350.0,,,2024-09-11 14:31,変更報告書,E00033,,,,,,0,0,0,1,1,0,0,1,1
130,S100UCT4,E00267,,5380001012984.0,常磐開発株式会社,,60.0,010002,350.0,,,2024-09-11 14:34,変更報告書,E00033,,,,,,0,0,0,1,1,0,0,1,1
131,S100UCST,E00469,28990.0,6010401021134.0,株式会社永谷園ホールディングス,,10.0,053000,180.0,,,2024-09-11 14:37,臨時報告書,,,,第19条第2項第9号の2,,,0,0,0,1,1,0,0,1,1
132,S100UCN3,E05659,38350.0,9120001099805.0,ｅＢＡＳＥ株式会社,,10.0,170000,220.0,,,2024-09-11 14:41,自己株券買付状況報告書（法２４条の６第１項に基づくもの）,,,,,,,0,0,0,1,1,0,0,1,1
133,S100UCTN,E22921,,5011002026721.0,株式会社ヒラノ・アソシエイツ,,60.0,010002,350.0,,,2024-09-11 14:56,変更報告書,E05182,,,,,,0,0,0,1,1,1,0,1,1
134,S100UCVA,E34318,45980.0,6480001006521.0,ＤｅｌｔａーＦｌｙ　Ｐｈａｒｍａ株式会社,,10.0,053000,180.0,,,2024-09-11 15:00,臨時報告書,,,,第19条第2項第4号,,,0,0,0,1,1,0,0,1,1
135,S100UCIQ,E34960,44430.0,4010001120965.0,Ｓａｎｓａｎ株式会社,,10.0,170000,220.0,,,2024-09-11 15:00,自己株券買付状況報告書（法２４条の６第１項に基づくもの）,,,,,,,0,0,0,1,1,0,0,1,1
136,S100UCT5,E32753,65370.0,7350001002813.0,ＷＡＳＨハウス株式会社,,10.0,022000,30.0,,,2024-09-11 15:00,有価証券届出書（組込方式）,,,,,,,0,0,0,1,1,1,0,1,1
137,S100UCQ1,E31336,39080.0,6010001076248.0,株式会社コラボス,,10.0,170000,220.0,,,2024-09-11 15:00,自己株券買付状況報告書（法２４条の６第１項に基づくもの）,,,,,,,0,0,0,1,1,0,0,1,1
138,S100UCV6,E00467,,3011001010678.0,シマダヤ株式会社,,10.0,024001,40.0,,,2024-09-11 15:00,訂正有価証券届出書（新規公開時）,,,,,S100UA1X,,0,0,0,1,1,1,0,1,1
139,S100UCQH,E00032,57150.0,7010001008803.0,古河機械金属株式会社,,10.0,170000,220.0,,,2024-09-11 15:00,自己株券買付状況報告書（法２４条の６第１項に基づくもの）,,,,,,,0,0,0,1,1,0,0,1,1
140,S100UCNM,E21671,,1010001082655.0,レオス・キャピタルワークス株式会社,G15303,30.0,04A001,40.0,,,2024-09-11 15:00,訂正有価証券届出書（内国投資信託受益証券）,,,,,S100U6KJ,,0,0,0,1,1,1,0,1,1
141,S100U9MP,E02289,77290.0,5010101009430.0,株式会社東京精密,,10.0,023000,30.0,,,2024-09-11 15:00,有価証券届出書（参照方式）,,,,,,,0,0,0,1,1,1,0,1,1
142,S100UCF9,E14042,,7010005008361.0,日本ロジスティクスファンド投資法人,G04352,30.0,995000,180.0,,,2024-09-11 15:00,臨時報告書（内国特定有価証券）,,,,第29条第2項第2号,,,0,0,0,1,1,0,0,1,1
143,S100UCQ2,E30047,36790.0,2010401098688.0,株式会社じげん,,10.0,170000,220.0,,,2024-09-11 15:01,自己株券買付状況報告書（法２４条の６第１項に基づくもの）,,,,,,,0,0,0,1,1,0,0,1,1
144,S100UCIU,E34866,70640.0,4011601015654.0,株式会社ハウテレビジョン,,10.0,043A00,160.0,2024-02-01,2025-01-31,2024-09-11 15:01,半期報告書－第15期(2024/02/01－2025/01/31),,,,,,,0,0,0,1,1,0,0,1,1
145,S100UCV8,E02497,80010.0,7120001077358.0,伊藤忠商事株式会社,,60.0,020002,350.0,,,2024-09-11 15:01,変更報告書（短期大量譲渡）,E00421,,,,S100TGHP,,0,0,0,1,1,1,0,1,1
146,S100UCIV,E34866,70640.0,4011601015654.0,株式会社ハウテレビジョン,,10.0,042000,135.0,,,2024-09-11 15:01,確認書,,,,,,,0,0,0,0,1,0,0,0,1
147,S100UCFD,,,,,,,,,,,,,,,,,,,0,0,0,0,0,0,0,0,0
148,S100UCK1,E36529,,,ＭＩＲＩ　Ｃａｐｉｔａｌ　Ｍａｎａｇｅｍｅｎｔ　ＬＬＣ,,60.0,010002,350.0,,,2024-09-11 15:03,変更報告書,E05516,,,,S100O3I4,,0,0,0,1,1,1,0,1,1
149,S100UCMA,E31902,39210.0,6020001009165.0,株式会社ネオジャパン,,10.0,043A00,160.0,2024-02-01,2025-01-31,2024-09-11 15:05,半期報告書－第33期(2024/02/01－2025/01/31),,,,,,,0,0,0,1,1,0,0,1,1
150,S100UCVD,E04358,96030.0,6011101002696.0,株式会社エイチ・アイ・エス,,10.0,053000,180.0,,,2024-09-11 15:05,臨時報告書,,,,第19条第2項第3号,,,0,0,0,1,1,0,0,1,1
151,S100UBR4,E02114,66380.0,5100001010883.0,株式会社ミマキエンジニアリング,,10.0,053000,180.0,,,2024-09-11 15:05,臨時報告書,,,,第19条第2項第12号,,,0,0,0,1,1,0,0,1,1
152,S100UCML,E31902,39210.0,6020001009165.0,株式会社ネオジャパン,,10.0,042000,135.0,,,2024-09-11 15:06,確認書,,,,,,,0,0,0,0,1,0,0,0,1
153,S100UCQS,E26349,,4010401097969.0,マイルストーン・キャピタル・マネジメント株式会社,,60.0,010002,350.0,,,2024-09-11 15:08,変更報告書,E03004,,,,,,0,0,0,1,1,0,0,1,1
154,S100UCVS,E12302,,,オラクル・ジャパン・ホールディング・インク,,10.0,103000,200.0,,,2024-09-11 15:19,親会社等状況報告書（外国会社）－第33期(2023/06/01－2024/05/31),,,E05027,,,,0,0,0,0,1,1,0,0,1
155,S100UCTC,E30656,32210.0,3180001018582.0,株式会社ヨシックスホールディングス,,10.0,170000,220.0,,,2024-09-11 15:20,自己株券買付状況報告書（法２４条の６第１項に基づくもの）,,,,,,,0,0,0,1,1,0,0,1,1
156,S100UCVX,E33109,35650.0,2011101051771.0,アセンテック株式会社,,10.0,043A00,160.0,2024-02-01,2025-01-31,2024-09-11 15:25,半期報告書－第17期(2024/02/01－2025/01/31),,,,,,,0,0,0,1,1,0,0,1,1
157,S100UCVY,E33109,35650.0,2011101051771.0,アセンテック株式会社,,10.0,042000,135.0,,,2024-09-11 15:27,確認書,,,,,,,0,0,0,0,1,0,0,0,1
158,S100UCVZ,E33109,35650.0,2011101051771.0,アセンテック株式会社,,10.0,053000,180.0,,,2024-09-11 15:29,臨時報告書,,,,"第19条第2項第12号,第19条第2項第19号",,,0,0,0,1,1,0,0,1,1
159,S100UCW2,E12413,,,オラクル・グローバル・ホールディングス・インク,,10.0,103000,200.0,,,2024-09-11 15:30,親会社等状況報告書（外国会社）－第25期(2023/06/01－2024/05/31),,,E05027,,,,0,0,0,0,1,1,0,0,1
160,S100UCVK,E32959,,1010401120171.0,ＳＢＩ　Ｖｅｎｔｕｒｅｓ　Ｔｗｏ株式会社,,60.0,010002,350.0,,,2024-09-11 15:31,変更報告書,E38156,,,,S100QSUB,,0,0,0,1,1,1,0,1,1
161,S100UCVN,E08072,,,渡邉　弘穀,,60.0,090001,360.0,,,2024-09-11 15:34,訂正報告書（大量保有報告書・変更報告書）,E04981,,,,S100UBYB,,0,0,0,1,1,1,0,1,1
162,S100UCWA,E12415,,,オラクル・システムズ・コーポレーション,,10.0,103000,200.0,,,2024-09-11 15:36,親会社等状況報告書（外国会社）－第38期(2023/06/01－2024/05/31),,,E05027,,,,0,0,0,0,1,1,0,0,1
163,S100UCWD,E37333,50310.0,5010001145409.0,モイ株式会社,,10.0,043A00,160.0,2024-02-01,2025-01-31,2024-09-11 15:37,半期報告書－第13期(2024/02/01－2025/01/31),,,,,,,0,0,0,1,1,0,0,1,1
164,S100UCWE,E37333,50310.0,5010001145409.0,モイ株式会社,,10.0,042000,135.0,,,2024-09-11 15:38,確認書,,,,,,,0,0,0,0,1,0,0,0,1
165,S100UCQ7,E24651,71480.0,3010001086522.0,株式会社ＦＰＧ,,10.0,053000,180.0,,,2024-09-11 15:42,臨時報告書,,,,第19条第2項第3号,,,0,0,0,1,1,0,0,1,1
166,S100UCUX,E33998,,,吉川淳史,,60.0,010002,350.0,,,2024-09-11 15:48,変更報告書,E33854,,,,,,0,0,0,1,1,0,0,1,1
167,S100UC11,E35239,,2010001143423.0,光通信株式会社,,60.0,010002,350.0,,,2024-09-11 15:49,変更報告書,E05555,,,,S100SDZV,,0,0,0,1,1,1,0,1,1
168,S100UC14,E35239,,2010001143423.0,光通信株式会社,,60.0,010002,350.0,,,2024-09-11 15:50,変更報告書,E34729,,,,S100IAJI,,0,0,0,1,1,1,0,1,1
169,S100UCON,E11943,,,Ｅｖｏ　Ｆｕｎｄ,,60.0,010002,350.0,,,2024-09-11 15:51,変更報告書,E03993,,,,S100EL6U,,0,0,0,1,1,1,0,1,1
170,S100UBCE,E05668,21390.0,2200001003384.0,株式会社中広,,60.0,010002,350.0,,,2024-09-11 16:00,変更報告書,E05716,,,,,,0,0,0,1,1,0,0,1,1
171,S100UCPL,E00524,30010.0,9010001034764.0,片倉工業株式会社,,10.0,170000,220.0,,,2024-09-11 16:00,自己株券買付状況報告書（法２４条の６第１項に基づくもの）,,,,,,,0,0,0,1,1,0,0,1,1
172,S100UBUG,E32341,,,大石　崇徳,,60.0,010002,350.0,,,2024-09-11 16:00,変更報告書,E35116,,,,,,0,0,0,1,1,0,0,1,1
173,S100UC17,E35239,,2010001143423.0,光通信株式会社,,60.0,010002,350.0,,,2024-09-11 16:03,変更報告書,E05107,,,,S100U46O,,0,0,0,1,1,1,0,1,1
174,S100UC18,E35239,,2010001143423.0,光通信株式会社,,60.0,010000,350.0,,,2024-09-11 16:05,大量保有報告書,E32203,,,,,,0,0,0,1,1,0,0,1,1
175,S100UCWP,E31573,39160.0,9010001103734.0,デジタル・インフォメーション・テクノロジー株式会社,,10.0,170000,220.0,,,2024-09-11 16:06,自己株券買付状況報告書（法２４条の６第１項に基づくもの）,,,,,,,0,0,0,1,1,0,0,1,1
176,S100UCWT,E02678,81590.0,2120001049007.0,株式会社立花エレテック,,10.0,170000,220.0,,,2024-09-11 16:15,自己株券買付状況報告書（法２４条の６第１項に基づくもの）,,,,,,,0,0,0,1,1,0,0,1,1
177,S100UCWR,E35239,,2010001143423.0,光通信株式会社,,60.0,010002,350.0,,,2024-09-11 16:15,変更報告書,E01398,,,,S100ICXQ,,0,0,0,1,1,1,0,1,1
178,S100UCX2,E02388,79700.0,4010001034802.0,信越ポリマー株式会社,,10.0,053001,190.0,,,2024-09-11 16:36,訂正臨時報告書,,,,第19条第2項第2号の2,S100UA9Y,,0,0,0,1,1,0,0,1,1
179,S100UCX5,E02388,79700.0,4010001034802.0,信越ポリマー株式会社,,10.0,053001,190.0,,,2024-09-11 16:43,訂正臨時報告書,,,,第19条第2項第2号の2,S100UAA6,,0,0,0,1,1,0,0,1,1
180,S100UCTH,E38299,,,十河　宏輔,,60.0,010002,350.0,,,2024-09-11 17:00,変更報告書,E37466,,,,S100QDD4,,0,0,0,1,1,1,0,1,1
181,S100UCXB,E00905,46330.0,2120001043471.0,サカタインクス株式会社,,10.0,170000,220.0,,,2024-09-11 17:05,自己株券買付状況報告書（法２４条の６第１項に基づくもの）,,,,,,,0,0,0,1,1,0,0,1,1
182,S100UCXJ,E37006,92530.0,1010001096077.0,スローガン株式会社,,10.0,170000,220.0,,,2024-09-11 17:13,自己株券買付状況報告書（法２４条の６第１項に基づくもの）,,,,,,,0,0,0,1,1,0,0,1,1
